"Document Title","Authors","Publication Title","Publication Year","DOI","CATEGORY"
"Modulation Strategies for Robust Optical Wireless Communications and Sensing in 6G","B. M. S. R. Rosmaninho; V. N. H. Silva; P. P. Monteiro; M. C. R. Medeiros","2025 25th Anniversary International Conference on Transparent Optical Networks (ICTON)","2025","10.1109/ICTON67126.2025.11125210","WIRELESS"
"Photonic Terahertz Integrated Sensing and Communication (ISAC) Systems","L. Zhang; Z. Lyu; O. Ozolins; X. Pang; X. Yu","2025 Optical Fiber Communications Conference and Exhibition (OFC)","2025","","WIRELESS"
"Analysis of Visible Light-Based ISAC Channel Characteristics in a V2V Scenario","P. Dong; P. Tang; Y. Yin; L. Tian; J. Zhang","2025 IEEE Wireless Communications and Networking Conference (WCNC)","2025","10.1109/WCNC61545.2025.10978645","WIRELESS"
"Adiabatic-tapered few-mode-fiber-based system for integrating optical fiber sensing and telecommunication","Q. Huang; Y. Li; O. Xu; X. Dong; S. Ertman; T. R. Woliński; P. Ping Shum; Y. Qin","2025 23rd International Conference on Optical Communications and Networks (ICOCN)","2025","10.1109/ICOCN67308.2025.11145535","FIBER"
"Integrated Sensing and Communication for UAV Trajectory Optimization in Mixed FSO-RF Networks in Dynamic Weather Conditions","M. Nafees; M. Baniasadi; J. R. Hopgood; M. Safari; J. S. Thompson","2025 IEEE Wireless Communications and Networking Conference (WCNC)","2025","10.1109/WCNC61545.2025.10978163","WIRELESS"
"Recent Advancements and Challenges in Integrated Sensing and Communication in Optical Fiber","Y. Wu; C. Xu; F. Chen; Y. Wang; G. Wu; P. Xin; Z. Chen; P. Zhan; Z. Zhou; Z. Zhang; W. Ma; M. Li; J. Yan; M. Pa; Y. Li; Y. Zhao; J. Zhang","2024 IEEE 24th International Conference on Communication Technology (ICCT)","2024","10.1109/ICCT62411.2024.10946617","FIBER"
"Miniaturized optical fiber displacement probe with large-collection-angle","C. Wu; X. Hou; J. Zhu; L. Wu","2025 23rd International Conference on Optical Communications and Networks (ICOCN)","2025","10.1109/ICOCN67308.2025.11145514","FIBER"
"Wide-Steering Integrated Sensing and Communication OPA-Based Lidar Design with Joint Waveform and Thinned Antenna","Y. Chen; X. Liao; J. Xiao; X. Wang; M. Ye; Y. Yu; C. Wang","2025 30th OptoElectronics and Communications Conference (OECC) and 2025 International Conference on Photonics in Switching and Computing (PSC)","2025","10.23919/OECC/PSC62146.2025.11111436","WIRELESS"
"Integrated Positioning and Communication Relying on Wireless Optical OFDM","C. Xu; C. Masouros; S. Sugiura; P. Petropoulos; R. G. Maunder; L. -L. Yang; H. Haas; L. Hanzo","IEEE Journal on Selected Areas in Communications","2025","10.1109/JSAC.2025.3543532","WIRELESS"
"High-Speed DMT Signal and Power-Over-Fiber Simultaneous Transmission Over Weakly-Coupled Multicore Fiber","W. Chen; J. Li; X. Yu; J. Zhang; S. Fu; Y. Qin","2025 13th International Conference on Intelligent Computing and Wireless Optical Communications (ICWOC)","2025","10.1109/ICWOC65853.2025.11150794","FIBER"
"Retroreflective Optical ISAC Supporting 3D Positioning in Indoor Environments","H. Wang; Z. Zeng; C. Chen; B. Zhu; S. Shao; M. Liu","2024 Asia Communications and Photonics Conference (ACP) and International Conference on Information Photonics and Optical Communications (IPOC)","2024","10.1109/ACP/IPOC63121.2024.10809915","WIRELESS"
"Phase-Coded FMCW for Optical Integrated Sensing and Communication","T. Zhang; Z. Yan; A. Pang; A. Dang","2024 Asia Communications and Photonics Conference (ACP) and International Conference on Information Photonics and Optical Communications (IPOC)","2024","10.1109/ACP/IPOC63121.2024.10809937","WIRELESS"
"Single-Ended > 100-km Distributed Vibration Sensor Based on OFDR Using Pearson Correlation Coefficient","H. Guo; K. Liu; Y. Li; J. Liu; H. Wang; J. Deng; J. Jiang; T. Liu; Z. Ding","IEEE Sensors Journal","2025","10.1109/JSEN.2025.3554542","FIBER"
"Experimental Demonstration of Power over Fiber for Power Grid Application","Z. Zeng; C. Chen; X. Lin; W. Chen; J. Li; Y. Qin","2024 22nd International Conference on Optical Communications and Networks (ICOCN)","2024","10.1109/ICOCN63276.2024.10648387","FIBER"
"Movable Access Point-Aided Integrated Visible Light Communication and Sensing Networks","Z. Saghir; S. Aboagye","IEEE Wireless Communications Letters","2025","10.1109/LWC.2024.3521192","WIRELESS"
"Demonstration of Photonic Sub-THz ISAC System with Real-Time 251.03-Gbps Communication Rate and Offline 2.5-cm Sensing Resolution","M. Lei; Z. Lyu; Q. Zhou; J. Zhang; H. Li; B. Hua; J. Zhang; Y. Cai; J. Ding; X. Chen; L. Zhang; J. Yu; M. Zhu","2024 22nd International Conference on Optical Communications and Networks (ICOCN)","2024","10.1109/ICOCN63276.2024.10648485","FIBER"
"Double-effect DNN-based DBP Scheme for Integrated Sensing and Communications (ISAC)","F. Li; X. Zhou; Q. Fan; Y. Gao; J. Huo; J. Yuan; K. Long","2022 Optical Fiber Communications Conference and Exhibition (OFC)","2022","","WIRELESS"
"Coexistence of Distributed Sensing and Ultra-Simple Coherent RoF Based Front-Haul for Radio Access Network","M. Liu; J. Wang; C. Liu; C. Yu; C. Lu","Journal of Lightwave Technology","2025","10.1109/JLT.2025.3555486","FIBER"
"Full-Duplex Integrated Sensing and Communication System Based on Microwave Photonics","W. Wang; G. Zhang; H. Wen; J. Zhang","2024 Asia Communications and Photonics Conference (ACP) and International Conference on Information Photonics and Optical Communications (IPOC)","2024","10.1109/ACP/IPOC63121.2024.10809573","FIBER"
"Photonic Integrated Sensing and Communication System Harnessing Submarine Fiber Optic Cables for Coastal Event Monitoring","S. Chen; K. Zhu; J. Han; Q. Sui; Z. Li","IEEE Communications Magazine","2022","10.1109/MCOM.002.2200191","FIBER"
"Optical Integrated Sensing and Communication: Architectures, Potentials and Challenges","Y. Wen; F. Yang; J. Song; Z. Han","IEEE Internet of Things Magazine","2024","10.1109/IOTM.001.2300196","WIRELESS"
"Joint Visible Light Sensing and Communication Using m-CAP Modulation","L. Shi; B. Béchadergue; L. Chassagne; H. Guan","IEEE Transactions on Broadcasting","2023","10.1109/TBC.2022.3201649","WIRELESS"
"Free-Space Optical Integrated Sensing and Communication Based on DCO-OFDM: Performance Metrics and Resource Allocation","Y. Wen; F. Yang; J. Song; Z. Han","IEEE Internet of Things Journal","2025","10.1109/JIOT.2024.3469279","WIRELESS"
"Pre-Compensation of LFM Sensing Probe via Integrated Sensing and Communication over Fiber System","L. Maoqi; W. Jingchuan; L. Chen; Y. Changyuan; L. Chao","2025 30th OptoElectronics and Communications Conference (OECC) and 2025 International Conference on Photonics in Switching and Computing (PSC)","2025","10.23919/OECC/PSC62146.2025.11111272","FIBER"
"Optical Transport Network Optimization Supporting Integrated Sensing and Communication Services","M. Anastasopoulos; J. Gutiérrez; A. Tzanakaki","2025 Optical Fiber Communications Conference and Exhibition (OFC)","2025","","WIRELESS"
"W-band Photonic-based Integration of Sensing and Communication with Frequency-division Multiplexed Waveforms in Fiber-wireless Integrated Network","B. Dong; J. Jia; G. Li; J. Shi; H. Wang; J. Zhang; N. Chi","2022 Asia Communications and Photonics Conference (ACP)","2022","10.1109/ACP55869.2022.10088790","FIBER"
"Low Crosstalk Deep Ocean Salinity Monitoring at 2 μm Wavelength Band","Y. Li; Q. Huang; C. Wang; Y. Huang; W. Wu; J. Ran; Y. Li; J. Xue; S. Ertman; C. Lu; O. Xu; X. Dong; T. R. Woliński; P. Ping Shum","IEEE Sensors Journal","2025","10.1109/JSEN.2025.3579715","FIBER"
"Performance Improvement for Symmetric Carrier-assisted Differential Detection Receiver by Pairwise Coding","Z. Huang; J. Li; X. Yu; J. He; Y. Qin; M. Xiang; S. Fu","2024 12th International Conference on Intelligent Computing and Wireless Optical Communications (ICWOC)","2024","10.1109/ICWOC62055.2024.10684954","FIBER"
"THz Integrated Sensing and Communication With Full-Photonic Direct LFM Reception and De-Chirping for D-Band Fiber-Wireless Network","B. Dong; Z. Li; S. Xing; Y. Liu; J. Zhao; O. Huang; J. Jia; J. Shi; Y. Zhou; H. Wang; N. Chi; J. Zhang","IEEE Transactions on Microwave Theory and Techniques","2025","10.1109/TMTT.2025.3549729","FIBER"
"ReflexGest: Recognizing Hand Gestures Under VLC-Capable Lamps","Z. Liu; J. Zhu; J. Yang; Y. Sun; Y. Yang; J. Luo","IEEE Transactions on Mobile Computing","2025","10.1109/TMC.2025.3545340","WIRELESS"
"Photonics-Enabled Full-Duplex Millimeter-Wave Integrated Sensing and Communication","C. Wang; Z. Lyu; L. Zhang; X. Yu","2024 Asia Communications and Photonics Conference (ACP) and International Conference on Information Photonics and Optical Communications (IPOC)","2024","10.1109/ACP/IPOC63121.2024.10810000","WIRELESS"
"Temperature Compensation Method for Polarization-Multiplexed Fiber-Optic Vibration Sensing Unit","R. An; Y. Wang; X. Ping; K. Wen; Y. Yuan; S. Wang; J. Yang; Y. Wang; Y. Qin","IEEE Sensors Journal","2025","10.1109/JSEN.2024.3501256","FIBER"
"Simultaneous Sensing and Communication in Optical Fibers","Y. -K. Huang; E. Ip; J. Hu; M. -F. Huang; F. Yaman; T. Wang; G. Wellbrock; T. Xia; K. Asahi; Y. Aono","2022 European Conference on Optical Communication (ECOC)","2022","","FIBER"
"Pulse Sequence Sensing and Pulse Position Modulation for Optical Integrated Sensing and Communication","Y. Wen; F. Yang; J. Song; Z. Han","IEEE Communications Letters","2023","10.1109/LCOMM.2023.3270184","WIRELESS"
"OCDM-Based FMCW Waveform Design for FSO Integrated Sensing and Communications","Z. Ban; J. Tang; Q. Xie; Y. Li","Journal of Lightwave Technology","2025","10.1109/JLT.2025.3592208","WIRELESS"
"Heterogeneous Integrated III-V-on-Soi Transmitter for 6G FiWi mmWave/FSO Integrated Sensing and Communication","A. Safiriyu; M. Vargemidou; C. Vagionas; J. Ramirez; F. Salim; N. Pleros; A. Miliou; A. -L. Billabert; C. Algani","2025 European Conference on Optical Communications (ECOC)","2025","10.1109/ECOC66593.2025.11263375","WIRELESS"
"Linearly Polarized Mode Demultiplexing Hybrid Based on Multi-Plane Light Conversion","J. Xiang; L. Jianping; Y. Qin","2024 22nd International Conference on Optical Communications and Networks (ICOCN)","2024","10.1109/ICOCN63276.2024.10648374","FIBER"
"Integration of Distributed Sensing into Optical Coherent Networks through Non-Orthogonal Multiple Access","J. Wang; L. Lu; J. Zhang; A. P. T. Lau; C. Lu","2025 Optical Fiber Communications Conference and Exhibition (OFC)","2025","","WIRELESS"
"Visible Light Integrated Positioning and Communication: A Multi-Task Federated Learning Framework","T. Wei; S. Liu; X. Du","IEEE Transactions on Mobile Computing","2023","10.1109/TMC.2022.3207164","WIRELESS"
"UAV-Aided Flying Retroreflective Optical ISAC with Angle Diversity Transmitters","W. Wang; H. Wang; Z. Zeng; C. He; C. Chen","2025 30th OptoElectronics and Communications Conference (OECC) and 2025 International Conference on Photonics in Switching and Computing (PSC)","2025","10.23919/OECC/PSC62146.2025.11110803","WIRELESS"
"Co-Route Fiber Recognition and Status Diagnosis Based on Integrated Sensing and Communication in 6G Transport Networks","Z. Wang; H. Yang; Y. Li; Q. Yao; T. Yu; C. Zhang; W. Liu; W. Lin; J. Zhang; Y. Liu; M. Cheriet","IEEE Internet of Things Journal","2024","10.1109/JIOT.2024.3414863","FIBER"
"High-efficiency ISAC to enable sub-meter level vibration sensing for coherent fiber networks","J. Wang; L. Lu; L. Wang; Y. Yan; A. P. Tao Lau; C. Lu","2024 Optical Fiber Communications Conference and Exhibition (OFC)","2024","","FIBER"
"Photonic-based W-band Flexible TFDM Integrated Sensing and Communication System for Fiber-wireless Network","B. Dong; J. Jia; G. Li; J. Shi; H. Wang; Z. Tang; J. Zhang; S. Pan; N. Chi","2023 Optical Fiber Communications Conference and Exhibition (OFC)","2023","10.1364/OFC.2023.W4J.5","FIBER"
"Photonic-Based W-Band Integrated Sensing and Communication System With Flexible Time- Frequency Division Multiplexed Waveforms for Fiber-Wireless Network","B. Dong; J. Jia; L. Tao; G. Li; Z. Li; C. Huang; J. Shi; H. Wang; Z. Tang; J. Zhang; S. Pan; N. Chi","Journal of Lightwave Technology","2024","10.1109/JLT.2024.3354070","FIBER"
"Simultaneous Sensing and Communication Over 20 km Fiber Based on Si3N4 Micro-Ring","Y. Qiu; X. Ou; M. Luo; C. Yang; Z. He; X. Xiao; Y. Yang; J. Tao","2024 Conference on Lasers and Electro-Optics Pacific Rim (CLEO-PR)","2024","10.1109/CLEO-PR60912.2024.10676568","FIBER"
"Co-Wavelength-Channel Integration of Ultra-Low-Frequency Distributed Acoustic Sensing and High-Capacity Communication","L. Gu; M. Xiang; Z. Zhang; C. Liu; P. Xu; W. Sun; J. Yang; S. Fu; Y. Wang; Y. Qin","2024 Asia Communications and Photonics Conference (ACP) and International Conference on Information Photonics and Optical Communications (IPOC)","2024","10.1109/ACP/IPOC63121.2024.10810040","FIBER"
"Zero-Padding 2D-DFT Scheme for Photonics-Assisted W-Band Fiber-Wireless ISAC System With Orthogonal Time Frequency Space Modulation","J. He; L. Yin; K. Liu; S. Xiao; Z. Chen","Journal of Lightwave Technology","2025","10.1109/JLT.2025.3602312","FIBER"
"Power Allocation for OFDM-Based Free Space Optical Integrated Sensing and Communication","Y. Wen; F. Yang; J. Song; Z. Han","ICC 2024 - IEEE International Conference on Communications","2024","10.1109/ICC51166.2024.10622583","WIRELESS"
"Joint Optimization of Slot Selection and Power Allocation in Integrated Visible Light Communication and Sensing Systems","J. -Y. Wang; H. -N. Yang; J. -B. Wang; M. Lin; P. Shi","IEEE Internet of Things Journal","2023","10.1109/JIOT.2023.3303137","WIRELESS"
"Visible Light Communication-Enabled Simultaneous Position and Orientation Detection for Harnessing Multipath Interference and Random Fading","B. Zhou; A. Liu; H. C. So","IEEE Transactions on Intelligent Transportation Systems","2024","10.1109/TITS.2023.3324361","WIRELESS"
"Remote Phase-Shift LiDAR With Communication","Y. Hai; Y. Luo; C. Liu; A. Dang","IEEE Transactions on Communications","2023","10.1109/TCOMM.2023.3233962","WIRELESS"
"Adaptive Resource Allocation in ADO-OFDM for Optical Wireless Integrated Sensing and Communication","Y. Wen; F. Yang; J. Song; Z. Han","GLOBECOM 2024 - 2024 IEEE Global Communications Conference","2024","10.1109/GLOBECOM52923.2024.10901628","WIRELESS"
"Integrated Sensing and Communication in the Visible Spectral Range: A Novel Closed Loop Controller","C. Fragner; A. P. Weiss; F. P. Wenzl; E. Leitgeb","2022 International Conference on Broadband Communications for Next Generation Networks and Multimedia Applications (CoBCom)","2022","10.1109/CoBCom55489.2022.9880677","WIRELESS"
"Optical Integrated Sensing and Communication With Light-Emitting Diode","R. Zhang; Y. Shao; M. Li; L. Lu; Y. C. Eldar","IEEE Internet of Things Journal","2025","10.1109/JIOT.2024.3523045","WIRELESS"
"Free Space Optical Integrated Sensing and Communication Based on LFM and CPM","Y. Wen; F. Yang; J. Song; Z. Han","IEEE Communications Letters","2024","10.1109/LCOMM.2023.3332658","WIRELESS"
"Optical ISAC: Fundamental Performance Limits and Transceiver Design","A. G. Khorasgani; M. Mirmohseni; A. Elzanaty","2024 IEEE Globecom Workshops (GC Wkshps)","2024","10.1109/GCWkshp64532.2024.11101062","WIRELESS"
"60-GHz photonic millimeter-wave joint radar-communication system","W. Bai; X. Zou; P. Li; W. Pan; L. Yan; B. Luo","2021 International Conference on Microwave and Millimeter Wave Technology (ICMMT)","2021","10.1109/ICMMT52847.2021.9618314","WIRELESS"
"Photonic-Based Flexible Integrated Sensing and Communication With Multiple Targets Detection Capability for W-Band Fiber-Wireless Network","B. Dong; J. Jia; Z. Li; G. Li; J. Shi; H. Wang; N. Chi; J. Zhang","IEEE Transactions on Microwave Theory and Techniques","2024","10.1109/TMTT.2024.3355936","FIBER"
"Terrestrial and Non-Terrestrial Networks for Integrated Sensing and Communication","F. Matera; M. Settembre; A. Rago; A. Fascista; G. Piro; L. A. Grieco; F. Malandrino; G. Virone; E. Cianca; M. Ruggieri; S. Morosi","2024 IEEE International Symposium on Systems Engineering (ISSE)","2024","10.1109/ISSE63315.2024.10741118","WIRELESS"
"A Unified Waveform for Optical Wireless Integrated Sensing and Communication","M. Cao; Y. Wang; Y. Zhang; D. Gao; H. Zhou","2022 Asia Communications and Photonics Conference (ACP)","2022","10.1109/ACP55869.2022.10088865","WIRELESS"
"Optical Wireless Integrated Sensing and Communication Based on Optical Phased Array: Performance Metric and Optimal Beamforming","Y. Wen; F. Yang; J. Song; Z. Han","IEEE Transactions on Wireless Communications","2025","10.1109/TWC.2025.3559254","WIRELESS"
"6-DoF Location-and-Pose Estimation Toward Integrated Visible Light Communication and Sensing: Algorithm Design and Performance Limits","B. Zhou; X. Wang; Y. Shen; P. Fan","IEEE Transactions on Signal Processing","2024","10.1109/TSP.2024.3383285","WIRELESS"
"Simple and Precise Characterization of Full-Field Frequency Response for Coherent TOSA","R. Wu; J. Li; G. Zhou; M. Xiang; L. Zhang; Y. Qin; S. Fu","Journal of Lightwave Technology","2024","10.1109/JLT.2024.3352493","FIBER"
"Integrated Sensing and Communications for Metropolitan Environments","Y. Yan; J. Zhang; Y. Li; L. Lu; J. Wang; K. Chandramouli; C. Lu; A. P. T. Lau","2025 Optical Fiber Communications Conference and Exhibition (OFC)","2025","","FIBER"
"THz-Over-Fiber System With Orthogonal Chirp Division Multiplexing for Integrated Sensing and Communication","L. Li; L. Zhang; H. Zhang; Z. Lyu; Z. Yang; X. Pang; V. Bobrovs; O. Ozolins; H. Zhao; F. Li; C. Zhang; X. Yu","Journal of Lightwave Technology","2024","10.1109/JLT.2023.3311645","FIBER"
"Pre-Distortion of Soliton Collision in Dual-Polarization Interaction-Tolerant Soliton Transmission","G. Zhou; M. Xiang; A. P. T. Lau; S. Fu; Y. Qin","Journal of Lightwave Technology","2025","10.1109/JLT.2024.3483289","FIBER"
"Measurement-based Validation of Ray-tracing Model at sub-THz for ISAC Applications of Blockage in Industrial Scenario","D. Dupleich; D. Sitdikov; A. Ebert; M. Boban","2024 4th URSI Atlantic Radio Science Meeting (AT-RASC)","2024","10.46620/URSIATRASC24/MKTB3572","WIRELESS"
"Joint Communication and Sensing Prospects: Potential Through Visible Light","Z. Salem; C. Krutzler; A. Peter","2024 International Conference on Broadband Communications for Next Generation Networks and Multimedia Applications (CoBCom)","2024","10.1109/CoBCom62281.2024.10631227","WIRELESS"
"Advanced Signal Processing in Distributed Acoustic Sensors Based on Submarine Cables for Seismology Applications","S. Chen; J. Han; Q. Sui; K. Zhu; C. Lu; Z. Li","Journal of Lightwave Technology","2023","10.1109/JLT.2023.3273268","FIBER"
"Exploring Photonic THz-ISAC Systems with Integrated Waveforms","Z. Lyu; L. Zhang; Q. Deng; X. Fang; L. Bai; Y. -T. Sun; O. Ozolins; G. Liu; X. Pang; X. Yu","Journal of Lightwave Technology","2025","10.1109/JLT.2025.3615209","FIBER"
"Full-Duplex RO-ISAC System: Wavelength Division Duplexing and Hybrid Waveform Design","S. Chen; C. Chen; Z. Zeng; Y. Yang; H. Haas","IEEE Photonics Technology Letters","2025","10.1109/LPT.2025.3570997","WIRELESS"
"Integrated Vibration Sensing in DSCM Systems Under ECLs Based on ANN and Digital Twin","B. Yang; S. Wang; J. Tang; Y. Yang","2025 23rd International Conference on Optical Communications and Networks (ICOCN)","2025","10.1109/ICOCN67308.2025.11145413","WIRELESS"
"Clock and Carrier Synchronization Using Optical Frequency Combs in Radio Access Networks","A. Alshehry; A. Kassem; Z. Liu; I. Darwazeh","2025 31st International Conference on Telecommunications (ICT)","2025","10.1109/ICT65093.2025.11046275","FIBER"
"Endogenous ISAC Enabled Interference Fading Free Sensing via Telecom Training Sequence","Y. Wang; L. Wang; Z. Lin; C. Lu; M. Tang; C. Yu","2025 30th OptoElectronics and Communications Conference (OECC) and 2025 International Conference on Photonics in Switching and Computing (PSC)","2025","10.23919/OECC/PSC62146.2025.11110297","FIBER"
"Flexible Waveform Design for RO-ISAC Based on OFDM-Embedded Maximum Length Sequence","J. Du; C. Chen; Z. Zeng; D. Wang; J. Ye; J. Song; H. Haas","IEEE Wireless Communications Letters","2025","10.1109/LWC.2025.3593253","WIRELESS"
"Integrated Communication and Enhanced Forward Phase-Based Sensing Based on Frequency-Domain Pilot Tones in DSCM Systems Using 100 kHz ECLs","B. Yang; J. Tang; C. Cheng; L. Fan; P. Yang; S. Wang; T. Zhao; J. Liang; S. Gao; J. Wei; Y. Yao; Y. Yang","Journal of Lightwave Technology","2025","10.1109/JLT.2024.3510371","WIRELESS"
"THz-over-fiber system with orthogonal chirp division multiplexing for integrated sensing and communication","L. Li; L. Zhang; H. Zhang; Z. Lyu; Z. Yang; C. Zhang; X. Yu","2023 Opto-Electronics and Communications Conference (OECC)","2023","10.1109/OECC56963.2023.10209717","FIBER"
"O-Band DML Enabled 4×100G Short-Reach Photonic Interconnections With Weighted Decision Aided Recurrent Neural Network","H. Liang; M. Xiang; J. Xiang; Y. Qiu; S. Fu; Y. Qin","Journal of Lightwave Technology","2025","10.1109/JLT.2025.3565115","FIBER"
"LFM Carrier Enabled Integrated Sensing and Communication in Self-homodyne Coherent Detection Transmission System","S. Chen; B. Yin; H. He; Y. Shi; M. Zhang; Z. Zhao; M. Tang","2025 European Conference on Optical Communications (ECOC)","2025","10.1109/ECOC66593.2025.11262927","WIRELESS"
"Integrated Communication and In-band Spectrum Polarization-Based Sensing via Fraction-Division Non-Orthogonal Multiple Access","L. Wang; Y. Wang; Y. Li; Z. Lin; Z. Wei; C. Lu; C. Yu; M. Tang","Journal of Lightwave Technology","2025","10.1109/JLT.2025.3625373","FIBER"
"Traveling Wave Antenna-on-Display Featuring Simultaneous 2-D Phase and Frequency Beam Scanning for Integrated Sensing and Communication","D. Lee; W. Hong","2025 19th European Conference on Antennas and Propagation (EuCAP)","2025","10.23919/EuCAP63536.2025.10999638","WIRELESS"
"Signal-Signal Beating Interference: From Destructive to Constructive for Photonic THz Integrated Sensing and Communication System Using Self-Coherent OFDM","F. Liu; X. Zou; N. Zhong; X. Deng; L. Yan; W. Pan","IEEE Transactions on Microwave Theory and Techniques","2025","10.1109/TMTT.2025.3638469","FIBER"
"Towards Efficient Confluent Edge Networks","R. Raj; D. Dass; K. Kaeval; S. Patri; V. Sleiffer; B. Baeuerle; W. Heni; M. Ruffini; C. Browning; A. Naughton; R. Mackey; D. Mackey; B. Vukovic; J. Smajic; J. Leuthold; C. Natalino; L. Wosinska; T. Svensson; A. Kaszubowska-Anandarajah; I. Mesogiti; S. Pryor; A. Tzanakaki; R. Nejabati; P. Monti; D. Kilper","2024 Joint European Conference on Networks and Communications & 6G Summit (EuCNC/6G Summit)","2024","10.1109/EuCNC/6GSummit60053.2024.10597093","WIRELESS"
"LumiPane: Intelligent Interaction through Gesture Sensing and Ambient Light Communication","L. Ruan; C. Liang; J. Yin; J. Li; X. Liang; W. Ding","2024 IEEE Globecom Workshops (GC Wkshps)","2024","10.1109/GCWkshp64532.2024.11101040","WIRELESS"
"Flexible Vibration Sensing Using Kalman Smoother Integrated in ECL-Based Communication Systems","B. Yang; J. Tang; S. Gao; J. Liang; J. Wei; Y. Yang","IEEE Photonics Technology Letters","2025","10.1109/LPT.2025.3577173","WIRELESS"
"Photonics-assisted Millimeter-Wave Multiband Integrated Sensing and Communication System Using Coherent Receiving","W. Bai; P. Li; X. Zou; N. Zhong; W. Pan; X. Deng; L. Yan","IEEE Journal of Selected Topics in Quantum Electronics","2023","10.1109/JSTQE.2023.3276903","WIRELESS"
"C-Band 200 Gbit/s/λ PS-PAM-8 Transmission Over 2-km SSMF for Optical Interconnections","X. Huo; M. Xiang; G. Zhou; J. Li; J. Li; Y. Qin; S. Fu","IEEE Photonics Journal","2024","10.1109/JPHOT.2024.3381232","FIBER"
"Optical Transport Networks Supporting Integrated Communications and Sensing in 6G","A. Tzanakaki; M. Anastasopoulos","2025 European Conference on Optical Communications (ECOC)","2025","10.1109/ECOC66593.2025.11263441","WIRELESS"
"Free Space Optical Communication for Inter-Satellite Link: Architecture, Potentials and Trends","G. Wang; F. Yang; J. Song; Z. Han","IEEE Communications Magazine","2024","10.1109/MCOM.002.2300024","WIRELESS"
"Demonstration of High Sensitivity Detection and High Precision Localization of Vibrations in Bidirectional Coherent Transmission Systems Enabled by Carrier Laser Phase Noise Retrieval","Y. Hu; K. Zhang; M. E. Mousa-Pasandi; R. Gutiérrez-Castrejón; M. O'Sullivan; F. Kong; B. Buscaino; J. Zhang; S. Bernal; C. St-Arnault; D. V. Plant","Journal of Lightwave Technology","2025","10.1109/JLT.2025.3593142","FIBER"
"Optimal Beamforming for Optical Wireless Integrated Sensing and Communication Based on Optical Phased Array","Y. Wen; F. Yang; J. Song; Z. Han","ICC 2025 - IEEE International Conference on Communications","2025","10.1109/ICC52391.2025.11160979","WIRELESS"
"PAM Waveform Design for Joint Communication and Sensing Based on Visible Light","J. Wang; N. Huang; C. Gong; W. Wang; X. Li","IEEE Internet of Things Journal","2024","10.1109/JIOT.2024.3373447","WIRELESS"
"Multi-Modal Integrated Sensing and Communication in Internet of Things With Large Language Models","A. Liu; W. Jiang; S. Huang; Z. Feng","IEEE Internet of Things Magazine","2025","10.1109/MIOT.2025.3575888","WIRELESS"
"Perception-Enhanced Multitask Multimodal Semantic Communication for UAV-Assisted Integrated Sensing and Communication System","Z. Guo; H. Tong; Z. Zhang; D. Liu","2025 IEEE International Conference on Communications Workshops (ICC Workshops)","2025","10.1109/ICCWorkshops67674.2025.11162428","WIRELESS"
"A Spectrum-Efficient MoF Architecture for Joint Sensing and Communication in B5G Based on Polarization Interleaving and Polarization-Insensitive Filtering","M. Lei; M. Zhu; B. Hua; J. Zhang; Y. Cai; Y. Zou; X. Liu; J. Yu","Journal of Lightwave Technology","2022","10.1109/JLT.2022.3181608","FIBER"
"Nanoantennas and Nanoradars: The Future of Integrated Sensing and Communication at the Nanoscale","M. J. Fakhimi; O. B. Akan","IEEE Transactions on Molecular, Biological, and Multi-Scale Communications","2024","10.1109/TMBMC.2024.3434545","WIRELESS"
"Microwave Photonic Integrated Sensing and Communication Based on Polarization Multiplexing and Frequency-to-Time Mapping","J. Gao; D. Liang; T. Shi; Y. Chen","IEEE Internet of Things Journal","2025","10.1109/JIOT.2025.3542099","FIBER"
"Optical Integrated Sensing and Communication System Based on Combination of OIRS and PD Array for Mobile Scenarios","H. Wang; Z. Zhang; Y. Ge; B. Zhu","IEEE Transactions on Wireless Communications","2024","10.1109/TWC.2024.3484569","WIRELESS"
"Bidirectional Retroreflective Optical ISAC Using Time Division Duplexing and Clipped OFDM","H. Wang; C. Chen; Z. Zeng; S. Shao; H. Haas","IEEE Photonics Technology Letters","2025","10.1109/LPT.2025.3541038","WIRELESS"
"Optical Wireless Integrated Sensing and Communication Based on EADO-OFDM: A Flexible Resource Allocation Perspective","Y. Wen; F. Yang; J. Song; Z. Han","IEEE Transactions on Wireless Communications","2025","10.1109/TWC.2025.3557061","WIRELESS"
"Intent and Context-Aware Optical Networks","A. Kaszubowska-Anandarajah; D. Kilper; M. Ruffini; K. Kaeval; E. Renner; B. Schmauss; A. Giusti; P. Munster; T. Horvath; A. Richter; I. Koltchanov; S. Bjørnstad; D. Zibar; A. Papadopoulos; A. Autenrieth; A. Sandmann; F. Azendorf; M. Hassine","2025 25th Anniversary International Conference on Transparent Optical Networks (ICTON)","2025","10.1109/ICTON67126.2025.11125334","FIBER"
"Machine Learning-Enhanced Multi-Pump RFA for High-Performance Optical Backbone in Low-Altitude Sensing and Communication","Y. Gong; Y. Zhao; S. Wang; M. Yang; Y. Wang; J. Wang","IEEE Internet of Things Journal","2025","10.1109/JIOT.2025.3626345","FIBER"
"Simultaneous Transmission and Sensing Emulation Using Interconnected Counter-Propagating Recirculating Loops","J. Wu; Z. Liu; L. Liu; H. Ji; W. Shieh","2025 European Conference on Optical Communications (ECOC)","2025","10.1109/ECOC66593.2025.11262977","FIBER"
"Joint communication and sensing in access networks for anthropic activities monitoring and real-time safety surveillance","P. Boffi; M. Fasano; A. Madaschi; P. Parolari","2025 IEEE Photonics Society Summer Topicals Meeting Series (SUM)","2025","10.1109/SUM65312.2025.11121744","FIBER"
"Multi-Channel Photonic THz-ISAC System Based on Integrated LFM-QAM Waveform","Z. Lyu; L. Zhang; H. Zhang; Z. Yang; C. Zhang; H. Yang; N. Li; V. Bobrovs; O. Ozolins; X. Pang; G. Liu; X. Yu","Journal of Lightwave Technology","2024","10.1109/JLT.2024.3392282","WIRELESS"
"Retroreflective Optical ISAC Using OFDM and Corner Cube Reflector","C. Chen; P. Du","TENCON 2024 - 2024 IEEE Region 10 Conference (TENCON)","2024","10.1109/TENCON61640.2024.10902867","WIRELESS"
"Experimental Demonstration of Integrated Optical Wireless Sensing and Communication","L. Shi; Z. Liu; B. Béchadergue; H. Guan; L. Chassagne; X. Zhang","Journal of Lightwave Technology","2024","10.1109/JLT.2024.3415417","WIRELESS"
"Optical Integrated Sensing and Communication with Light-Emitting Diode","R. Zhang; Y. Shao; M. Li; L. Lu; Y. C. Eldar","2024 IEEE International Conference on Communications Workshops (ICC Workshops)","2024","10.1109/ICCWorkshops59551.2024.10615407","WIRELESS"
"LiDAR aided Simulation Pipeline for Wireless Communication in Vehicular Traffic Scenarios","U. Kopiyawattage; A. D. Ranjula; N. Jayaweera; D. Marasinghe; N. Rajatheva; S. Hakola; T. Koskela; O. Tervo; J. Karjalainen; J. Hulkkonen","2023 IEEE 34th Annual International Symposium on Personal, Indoor and Mobile Radio Communications (PIMRC)","2023","10.1109/PIMRC56721.2023.10294057","WIRELESS"
"Poster Abstract: Joint Optical Wireless Communication and Sensing using Neuromorphic Cameras","A. A. Mohamed Nishar; S. Paul; A. Ashok","2024 23rd ACM/IEEE International Conference on Information Processing in Sensor Networks (IPSN)","2024","10.1109/IPSN61024.2024.00053","WIRELESS"
"A Sub-THz ISAC System with Simultaneous Real-Time 125.516-Gbps Communication Rate and Offline 10-mm Sensing Resolution Enabled by Photonics","Q. Zhou; M. Lei; J. Zhang; H. Li; B. Hua; Y. Cai; J. Zhang; J. Ding; B. Liu; Z. Zhang; J. Zheng; J. Yu; M. Zhu","ECOC 2024; 50th European Conference on Optical Communication","2024","","FIBER"
"Optical IRS-Aided Indoor Visible Light Fingerprint Localization","G. Cheng; F. Wang; Z. Zhang; X. Li; N. C. Luong; A. Nallanathan","IEEE Transactions on Green Communications and Networking","2025","10.1109/TGCN.2025.3589348","WIRELESS"
"Advanced Integration of Sensing and Communication With High DSP Compatibility for SMART Network","Y. Wu; L. Sun; J. Cai; W. Wang; L. Zhang; R. Xu; G. Xu; G. Ning Liu; Y. Cai; H. Huang; G. Shen","IEEE Photonics Technology Letters","2025","10.1109/LPT.2025.3593343","FIBER"
"Revolutionizing 6G: Experimental Validation of an Optical Integrated Communication, Sensing, and Power Transfer System","T. Chu; J. Ye; C. Chen; X. Guo; Z. Zeng; S. Guo; H. Haas; M. -S. Alouini","IEEE Journal on Selected Areas in Communications","2025","10.1109/JSAC.2025.3608091","WIRELESS"
"Integrated Sensing and Communication in 6G: the Deterministic Channel Models for THz Imaging","X. Li; J. He; Z. Yu; G. Wang; P. Zhu","2021 IEEE 32nd Annual International Symposium on Personal, Indoor and Mobile Radio Communications (PIMRC)","2021","10.1109/PIMRC50174.2021.9569384","WIRELESS"
"Enhanced Room Coverage With Photon-Level NLOS Ultraviolet Optical Wireless Communication","J. Shao; T. Zerihun Gutema; W. O. Popoola","IEEE Photonics Technology Letters","2025","10.1109/LPT.2025.3559423","WIRELESS"
"Integrated Design of OFDM-LFM Lidar Communication in IoV Environment","G. Zhou; M. Cao; Q. Yang; Y. Zhang; S. Han; H. Wang","2024 IEEE 12th International Conference on Information, Communication and Networks (ICICN)","2024","10.1109/ICICN62625.2024.10761294","WIRELESS"
"On the Feasibility of Cyclist Detection Using MIMO-Radar for Long-Range ISAC Scenarios","H. Jin; A. Uchiyama","2025 Fifteenth International Conference on Mobile Computing and Ubiquitous Networking (ICMU)","2025","10.23919/ICMU65253.2025.11219159","WIRELESS"
"Integration of Sensing and Communication in a W-Band Fiber-Wireless Link Enabled by Electromagnetic Polarization Multiplexing","M. Lei; M. Zhu; Y. Cai; M. Fang; W. Luo; J. Zhang; B. Hua; Y. Zou; X. Liu; W. Tong; J. Yu","Journal of Lightwave Technology","2023","10.1109/JLT.2023.3280388","FIBER"
"A Reconfigurable Phase-Time Array Transmitter Achieving Keyless Secured Transmission and Multi-Receiver Localization for Low-Latency Joint Communication and Sensing","N. S. Mannem; J. Park; E. Erfani; E. Liu; J. Lee; H. Wang","IEEE Journal of Solid-State Circuits","2023","10.1109/JSSC.2023.3237462","WIRELESS"
"All-Optical Computing for Direction-of-Arrival Estimation Beyond Diffraction Limits","S. Gao; H. Chen; H. Zhang; Z. Sun; Y. Shen; X. Lin","2025 Conference on Lasers and Electro-Optics (CLEO)","2025","","WIRELESS"
"All-Optical Computing for Super-Resolution Direction of Arrival Estimation","S. Gao; H. Chen; H. Zhang; Z. Sun; Y. Shen; X. Lin","2024 Asia Communications and Photonics Conference (ACP) and International Conference on Information Photonics and Optical Communications (IPOC)","2024","10.1109/ACP/IPOC63121.2024.10809945","WIRELESS"
"Optical Integrated Sensing and Communication for Cooperative Mobile Robotics: Design and Experiments","S. Wang; H. Chen","2023 21st International Symposium on Modeling and Optimization in Mobile, Ad Hoc, and Wireless Networks (WiOpt)","2023","10.23919/WiOpt58741.2023.10349823","WIRELESS"
"Antenna-on-Display with EH1-mode Wide Spatial Beam Scanning for User-Centric Sensing and Vehicle-to-Everything Communication","D. Lee; S. Bahrami; M. Kim; J. Lee; K. Iimura; W. Hong","IEEE Transactions on Vehicular Technology","2025","10.1109/TVT.2025.3613718","WIRELESS"
"Low-Profile Broadband 1-Bit Randomly Encoded Folded Reflectarray Co-Aperture Transceiver for Frequency-Diverse Microwave Imaging","X. Chen; Y. Wei; J. Wu; J. DU; D. Ma; B. Liu; Q. Zhang","IEEE Antennas and Wireless Propagation Letters","2024","10.1109/LAWP.2024.3436914","WIRELESS"
"A General 6G Large-scale Fading Channel Model for Multiple Frequency Bands and Scenarios","Y. Pan; L. Xin; H. Chang; J. Huang; J. Li; C. -X. Wang","2025 IEEE/CIC International Conference on Communications in China (ICCC)","2025","10.1109/ICCC65529.2025.11148844","WIRELESS"
"Adaptive RIS Optimization for Secure Underwater Optical Communications","O. V. M. Betancourt; D. Peraza","IEEE Access","2025","10.1109/ACCESS.2025.3602057","WIRELESS"
"Dual comb enabled simultaneously multi-path sensing and communication over fiber access network","J. Wang; H. He; Y. Yan; L. Lu; L. Wang; Z. Zhao; H. Y. Tam; A. P. T. Lau; C. Lu","ECOC 2024; 50th European Conference on Optical Communication","2024","","FIBER"
"VehicleTalk: Lightweight V2V Network Enabled by Optical Wireless Communication and Sensing","Y. Song; R. Mo; P. Zhang; C. Wang; Z. Sheng; Y. Sun; Y. Yang","2024 IEEE 99th Vehicular Technology Conference (VTC2024-Spring)","2024","10.1109/VTC2024-Spring62846.2024.10683127","WIRELESS"
"Microalgae Density Measurement Using Quantum-Dot-Integrated Sensing and Communication System","H. Xiao; W. Wang; K. Zhang; F. Li; C. Sun","IEEE Transactions on Instrumentation and Measurement","2025","10.1109/TIM.2025.3595231","WIRELESS"
"Joint Lambertian Model Calibration and Positioning of Photodiode Devices towards Integrated Optical Wireless Communication and Sensing","G. Chen; Y. Yan; X. Wang; Z. Liu; B. Zhou","2024 IEEE/CIC International Conference on Communications in China (ICCC)","2024","10.1109/ICCC62479.2024.10681813","WIRELESS"
"Broadband Photon-Assisted Terahertz Communication and Sensing","J. Yu; Y. Wang; J. Ding; J. Zhang; W. Li; F. Wang; C. Wang; K. Wang; Y. Tan; M. Zhu; Y. Cai; B. Hua; M. Lei; T. Xie; J. Yu; F. Zhao; W. Zhou; X. You","Journal of Lightwave Technology","2023","10.1109/JLT.2023.3252821","FIBER"
"Passive Sensing Technique Using Cyclic Prefix in Power-Constrained Optical Wireless Communication Systems","B. Li; J. Wang; D. Lian; Y. Gao; J. Lian; C. Tang; B. Lian","IEEE Transactions on Vehicular Technology","2025","10.1109/TVT.2025.3640107","WIRELESS"
"Radar-LiDAR Fusion-Aided RF Beams Prediction for Vehicular Communications","Z. Ye; Y. He; G. Yu; P. Loskot","IEEE Open Journal of the Communications Society","2025","10.1109/OJCOMS.2025.3577193","WIRELESS"
"Multisatellite Multisensor Observations of a Sub-Plinian Volcanic Eruption: The 2015 Calbuco Explosive Event in Chile","F. S. Marzano; S. Corradini; L. Mereu; A. Kylling; M. Montopoli; D. Cimini; L. Merucci; D. Stelitano","IEEE Transactions on Geoscience and Remote Sensing","2018","10.1109/TGRS.2017.2769003","WIRELESS"
"New Paradigm for Integrated Sensing and Communication with Rydberg Atomic Receiver","M. Chen; T. Mao; Y. Zhao; W. Xiao; D. Zheng; Z. Wang; J. Zhang; S. Chen","IEEE Communications Magazine","2025","10.1109/MCOM.001.2500371","WIRELESS"
"Continuous Event Recording Technology For Integrated Sensing And Communications In Space","A. Aboltins; V. Bespal’ko; V. Kurtenoks","IGARSS 2024 - 2024 IEEE International Geoscience and Remote Sensing Symposium","2024","10.1109/IGARSS53475.2024.10642111","WIRELESS"
"MPFusionNet: Transformer-Based Multi-Modal Perception Fusion for Predictive Beamforming in Low-Altitude UAV Communication Networks","Y. Xie; Y. Gong; Y. Zhao; M. Zhou; S. Wang; D. Zhang; Y. Wang; J. Wang","IEEE Internet of Things Journal","2025","10.1109/JIOT.2025.3623880","WIRELESS"
"Sensing Assisted Localization Services for Indoor Environments","T. Skandamis; G. Alogdianakis; K. Antonopoulos; E. Faliagka; D. Karadimas; C. Masouros; C. P. Antonopoulos; N. Voros","2025 23rd International Symposium on Modeling and Optimization in Mobile, Ad Hoc, and Wireless Networks (WiOpt)","2025","10.23919/WiOpt66569.2025.11123308","WIRELESS"
"RF2LiDAR: Enabling Digital Twin Using MIMO RF Signals","S. Khunteta; Y. R. Guddeti; A. K. Reddy Chavva; A. Agrawal","2024 IEEE 99th Vehicular Technology Conference (VTC2024-Spring)","2024","10.1109/VTC2024-Spring62846.2024.10683334","WIRELESS"
"Electromagnetic Field Exposure-Aware AI Framework for Integrated Sensing and Communications-Enabled Ambient Backscatter Wireless Networks","M. Ali Jamshed; Y. Ahmad Qadri; A. Nauman; H. Jung","IEEE Internet of Things Journal","2024","10.1109/JIOT.2024.3394041","WIRELESS"
"Intelligent Surfaces Empowered Wireless Network: Recent Advances and the Road to 6G","Q. Wu; B. Zheng; C. You; L. Zhu; K. Shen; X. Shao; W. Mei; B. Di; H. Zhang; E. Basar; L. Song; M. Di Renzo; Z. -Q. Luo; R. Zhang","Proceedings of the IEEE","2024","10.1109/JPROC.2024.3397910","WIRELESS"
"Demo: Integrated On-site Localization and Optical Camera Communication for Drones","X. Zhang; G. Klevering; K. Wijewardena; L. Xiao","2023 IEEE 24th International Symposium on a World of Wireless, Mobile and Multimedia Networks (WoWMoM)","2023","10.1109/WoWMoM57956.2023.00055","WIRELESS"
"Multichannel Wind-Signal Driven Digital Twin for a 50 m2 Heliostat: Compressed Sampling, Load Estimation and Edge–Cloud Hybrid Computing","C. Ma; Y. Xiang; Y. Xue; S. Zhang; Y. Wang; D. Chen; R. Wang; L. Yang","2025 IEEE 15th International Conference on Signal Processing, Communications and Computing (ICSPCC)","2025","10.1109/ICSPCC66825.2025.11194376","WIRELESS"
"Secrecy Energy Efficiency of Hybrid Wireless Body Area Networks","S. Soderi; A. Zappone","IEEE Transactions on Mobile Computing","2025","10.1109/TMC.2025.3618098","WIRELESS"
"OPPIS development at TRIUMF","A. N. Zelenski; C. D. P. Levy; P. W. Schmor; W. T. H. van Oers; G. W. Wight; G. Dutto","Proceedings of the 1997 Particle Accelerator Conference (Cat. No.97CH36167)","1997","10.1109/PAC.1997.752764","WIRELESS"
"Remote sensing of waved sea surface: combined passive and active microwave measurements during the CAPMOS’05 experiment","E. Santi; P. Pampaloni; M. Pospelov; A. Kuzmin; S. Zecchetto; F. De Biasio; N. Skou; S. Sobjurg","2007 IEEE International Geoscience and Remote Sensing Symposium","2007","10.1109/IGARSS.2007.4422954","WIRELESS"
"Documentation of Floods and Fires in Middle East Cultural Heritage Sites Through Multi-Sensor Satellite Data and Earth Observation Platforms","D. Tapete; F. Cigna","2022 IEEE Mediterranean and Middle-East Geoscience and Remote Sensing Symposium (M2GARSS)","2022","10.1109/M2GARSS52314.2022.9839932","WIRELESS"
"Mobile flight test support","F. H. Shigemoto","AIAA/IEEE Digital Avionics Systems Conference. 13th DASC","1994","10.1109/DASC.1994.369416","WIRELESS"
"6G Wireless Communication Systems: Applications, Requirements, Technologies, Challenges, and Research Directions","M. Z. Chowdhury; M. Shahjalal; S. Ahmed; Y. M. Jang","IEEE Open Journal of the Communications Society","2020","10.1109/OJCOMS.2020.3010270","WIRELESS"
"BigFiberNet: LLMs and Fabric Computing Empowered Large-Scale Non-Disturbance Mobile Sensing Networks","J. Liu; Y. Hao; Z. He; M. Chen; L. Hu; G. Wei","IEEE Network","2025","10.1109/MNET.2024.3519187","FIBER"
"Photonics-assisted System for Joint Radar Ranging, Wireless Communications and Spectrum Sensing","X. Meng; J. Zheng; J. Li; T. Pu; H. Zhou; S. Liu; X. Zhao","Journal of Lightwave Technology","2025","10.1109/JLT.2025.3632104","WIRELESS"
"Robust Characterization of Terahertz Metasurface Sensor With Ultrahigh Frequency Selectivity and Polarization Sensitivity","Y. Yuan; T. Zhang; Z. Zhang; X. Zhao; X. Wu; S. Zheng; L. Liang; C. Cao","IEEE Sensors Journal","2024","10.1109/JSEN.2024.3470995","WIRELESS"
"Spaceborne microwave and infrared radiometric observations during the sub-Plinian eruption of Calbuco volcano in 2015","F. S. Marzano; M. Montopoli; D. Cimini; A. Kylling","2016 IEEE International Geoscience and Remote Sensing Symposium (IGARSS)","2016","10.1109/IGARSS.2016.7730503","WIRELESS"
"Demo: Towards 6G-Enabled Multi-Robot Process Orchestration in Complex Logistics Environments","J. Freytag; I. F. Priyanta; R. Ahlbäumer; S. Kauffmann; J. Emmerich","2025 IEEE 50th Conference on Local Computer Networks (LCN)","2025","10.1109/LCN65610.2025.11146333","WIRELESS"
"Physical Layer Security for Authentication, Confidentiality, and Malicious Node Detection: A Paradigm Shift in Securing IoT Networks","E. Illi; M. Qaraqe; S. Althunibat; A. Alhasanat; M. Alsafasfeh; M. de Ree; G. Mantas; J. Rodriguez; W. Aman; S. Al-Kuwari","IEEE Communications Surveys & Tutorials","2024","10.1109/COMST.2023.3327327","WIRELESS"
"SDOA-Net: An Efficient Deep-Learning-Based DOA Estimation Network for Imperfect Array","P. Chen; Z. Chen; L. Liu; Y. Chen; X. Wang","IEEE Transactions on Instrumentation and Measurement","2024","10.1109/TIM.2024.3391338","WIRELESS"
"6G Fabric Compiles Microdomains for Sophisticated Service Delivery [From the Guest Editors]","K. David; A. Al-Dulaimi; H. Haas; R. Q. Hu","IEEE Vehicular Technology Magazine","2023","10.1109/MVT.2023.3238481","FIBER"
